Feature,Importance
Norm_isoelectric_point,0.06073281125239542
normnO,0.05165510903774769
Norm_net_charge,0.043113726857712725
normnN,0.037799944961368834
norm_positively_charged_positively_charged_CKSAAGP,0.028635334115649957
norm_polar_non_charged_hydrophobic_CKSAAGP,0.021707453048823547
normRN,0.020140712698069364
norm_hydrophobic_negatively_charged_CKSAAGP,0.019859003548766407
Norm_gravy,0.014750113147332846
norm_hydrophobic_positively_charged_CKSAAGP,0.01448178170601707
norm_negatively_charged_polar_non_charged_CKSAAGP,0.013160593381564358
norm_negatively_charged_hydrophobic_CKSAAGP,0.013150352286310382
norm_positively_charged_hydrophobic_CKSAAGP,0.012688335491680613
normnH,0.010649867585343668
RRR,0.010386717808589073
KKR,0.01006997223847842
norm_hydrophobic_polar_non_charged_CKSAAGP,0.010014507767698144
normKG,0.009471890750253554
Norm_hidro/total,0.009061190125169592
norm_polar_non_charged_negatively_charged_CKSAAGP,0.008309983737033032
normnC,0.007585411899185846
normRG,0.0060936998168187265
Norm_mass,0.00555638349508842
norm_hydrophobic_hydrophobic_CKSAAGP,0.005163446367421053
normKN,0.0046159532566413175
normWG,0.004606681743681288
KKK,0.004385446141250745
norm_polar_non_charged_positively_charged_CKSAAGP,0.004306748696502846
norm_polar_non_charged_polar_non_charged_CKSAAGP,0.0038561265198359413
normnS,0.0037589716055371493
VTT,0.0037003972753623837
norm_positively_charged_polar_non_charged_CKSAAGP,0.003675016411811211
normLG,0.0035835892424568817
normAH,0.0033564989268633854
normRS,0.0033338341287734007
normFV,0.0032383464191764267
RQR,0.0031984441692513737
normPG,0.003197154160547758
QRR,0.0031450616533185787
normLL,0.0031347259465294864
norm_negatively_charged_negatively_charged_CKSAAGP,0.0031148360662619843
RKK,0.0030543813086157294
normKV,0.003021323564629556
normLP,0.0029107306016821653
norm_negatively_charged_positively_charged_CKSAAGP,0.002876421166240488
KRK,0.0028503810633544614
normPL,0.002828019614837501
normWN,0.0027775376680600878
normKH,0.0027241792605140545
normVG,0.002661489527196175
norm_positively_charged_negatively_charged_CKSAAGP,0.00262156487660066
GSG,0.0025828921052464464
normLN,0.0025524926008941963
CIC,0.002541394193680503
KAL,0.002529265999959211
IIY,0.002507203330561415
KRR,0.0025046764803932794
normPS,0.0024960225298667955
normQN,0.002488893417343285
normVD,0.0024702489091576593
normDF,0.002463500401541197
normQY,0.0024501822015512236
RKV,0.0024468610255243863
normLH,0.0024453442768608484
IYR,0.00244062458817671
RRQ,0.0024351153903318734
normGN,0.002383115790594374
normFN,0.002371491462213761
normGH,0.002359241688696267
normRF,0.0023414380622914783
normRD,0.002306217346100372
normCN,0.0022782023468893293
LKA,0.002266468068363935
normSL,0.0022323552208596384
normCD,0.002207699589011194
normVR,0.002193247861927541
YSP,0.002161688117048902
normTD,0.002139213521080553
normAN,0.0021383832287442937
normGG,0.0021350022116362177
KLA,0.0021191457854123864
normRM,0.00210497345601127
NRR,0.0020978887609411252
DLI,0.0020774751880129213
AGY,0.002036983950578687
normVN,0.0019985465620108497
normLM,0.001991673043571915
normLD,0.001991532139769998
normKR,0.001989172074088846
YLL,0.0019838652407764886
normIQ,0.0019795371386815055
GCG,0.0019744203482674194
normTQ,0.0019183165056950338
RWR,0.0019027781117759294
normIT,0.0018958790838384282
SPT,0.0018867542429104244
normHN,0.001886131893454294
normQH,0.0018822082622643025
normPC,0.0018659691083487365
normLS,0.0018593728688368148
normKP,0.0018362012005843332
IPP,0.0018261150806891397
normKA,0.001821240834680192
normWC,0.0018166095947881055
normKF,0.001809942415790369
ADE,0.0018086023802093933
GRK,0.0017993049676103298
MII,0.0017675230617135418
normNV,0.001763234841210244
ALA,0.0017628418919388342
normTR,0.0017202039065796607
normRP,0.0017187862937249761
FPQ,0.0017154691277344548
normTL,0.0016857018837738776
WFQ,0.0016771854293834618
normKD,0.0016556278188309959
LPP,0.0016539705647952378
IWF,0.001646292803922528
PTT,0.0016432599561412436
RRA,0.0016415235994529697
normWH,0.0016357838404703006
normSN,0.0016270672051523424
normER,0.0016242800722392474
TTE,0.00161747380037708
TPK,0.0016056990683506653
normIV,0.0015980684822805092
normRL,0.0015903698842406563
normSH,0.001587428708851199
TTR,0.0015768456401252034
normKS,0.001552859755771109
LLR,0.0015502233516520142
normFH,0.0015495638804210433
normMV,0.001544008096933899
PPV,0.0015299263179916669
normNL,0.001520055808939008
normDV,0.001516017573069521
RMK,0.001503032668446062
normGP,0.0014971103049622795
normED,0.0014968058764352704
normFD,0.0014944768918861565
normGM,0.0014915013033145565
normVH,0.001488136534818935
RIL,0.001478820242967753
CGS,0.0014751768314683067
normPQ,0.0014714224461050912
normEA,0.0014677391688531249
normGC,0.0014664828421883105
GRR,0.0014584458695910659
normRA,0.001456719488858206
GRC,0.0014558549801091682
normMF,0.0014512586173912679
normQV,0.0014507325182933676
LWE,0.001442100164278055
normTN,0.0014394637508591773
normYP,0.0014277095531313377
normNP,0.001423064214121282
normFW,0.001410438728743383
normAL,0.0014088892514270634
normRH,0.001406494984533329
normAQ,0.0013925969442800817
GYL,0.0013866189812601498
SLQ,0.0013839912760843156
normRK,0.0013797141963321263
normAP,0.0013642130864341712
RDL,0.0013586767236871775
normPP,0.0013505284252455902
normGF,0.0013496335738388604
RNC,0.0013459371588041536
normIN,0.0013459074751757819
FRI,0.0013390581999809731
normRQ,0.0013296640272010632
normFY,0.0013257128521379
normIF,0.0013222282754062741
normSV,0.001317103671463303
normIH,0.0013048791980784554
normDR,0.001304461955345839
LKL,0.001301547679200761
PKK,0.0012932524422947652
LKK,0.0012917286557782245
normVK,0.0012911272914276446
LPV,0.0012907877436712802
normSS,0.0012895478857142977
normFL,0.001283299773546724
normQW,0.0012788077771171704
normSP,0.0012688973342286603
normNN,0.001267928157484771
normIL,0.001266037825996305
FNK,0.0012575658333120862
normYH,0.00124502974848967
normSD,0.0012399400986094823
normHH,0.001229441727303572
normRV,0.001226882666340093
normYN,0.0012221008485701922
normAR,0.0012205644135461328
normPR,0.0012170535085083293
normWL,0.0012164296734970064
normKY,0.0012123940780123749
ACR,0.0012098909256489185
normNH,0.0012098287425825346
normIG,0.0012089436336798222
normSC,0.001204292004918916
normGD,0.001202031551308963
normEW,0.0011989878932095264
normRE,0.0011957725213156984
normCR,0.0011930469634653174
normPH,0.0011861833966585267
normVC,0.0011836613157176503
LKY,0.0011810628413475635
normDH,0.0011806672046406866
normPA,0.0011791022780506643
normLR,0.0011785025304032926
normCV,0.0011765145789850294
normLQ,0.0011753871582574453
LAL,0.0011733230464064286
AKK,0.001173103242767865
normGR,0.0011730237366601834
normTV,0.0011704370330150793
normIP,0.0011651410766347755
normHG,0.0011626668859224792
normTP,0.001162086288584052
normGL,0.0011438649279311125
CKK,0.0011412731653331716
normHY,0.0011410512067475337
normKQ,0.0011364905754829109
WKK,0.0011310520134651576
PPP,0.0011214849220100086
ACI,0.0011202983541317424
RWK,0.0011156453936026114
FQN,0.0011147859705467763
PPK,0.0011100553491781445
RGD,0.0011020750768178944
LCK,0.0010969006071470699
normIY,0.0010848157138355137
normSE,0.0010831065541166188
normAF,0.0010809838141798507
normID,0.001077557420555358
normRT,0.0010732660105043903
TKS,0.0010725347749642883
normSF,0.0010660475137649816
YHV,0.0010659748482640756
normQR,0.0010588828631198771
KIL,0.0010579330322455765
normLF,0.001057464103657894
VID,0.0010564779796098695
TFP,0.0010557896236580628
normAG,0.0010372074142822592
RRM,0.00103288782669035
RFR,0.00103272095799103
normFR,0.0010283407965729285
SGS,0.0010264148168671646
normPM,0.0010223591497387332
normKW,0.0010127597926979043
normST,0.0010119463408652567
WSQ,0.0009997148854744048
GWT,0.0009988604775795552
RQI,0.0009955194810786164
normAD,0.0009938602003201197
normSQ,0.0009936300373377916
normLC,0.0009919920633202366
normLA,0.0009825804356436115
normGA,0.0009688582410467443
normDN,0.0009687752334344131
normIM,0.0009636382387651625
WLK,0.0009617892252291891
RSL,0.0009563814310948704
normVQ,0.000954346706611511
normGT,0.0009517069133273206
normNM,0.0009507435165970117
normQG,0.0009490965806725755
normNF,0.0009452842210624595
normSM,0.0009440082207826374
RRI,0.0009413417992586151
normRR,0.0009315332752104964
normHV,0.0009294201103631156
normFP,0.000927973057316251
SNF,0.0009253684917171301
normVL,0.000922712891582375
normEN,0.0009171050608313331
GKK,0.0009166557189953106
normRY,0.0009130558587963867
normAA,0.0009113478890649493
normHE,0.0009052189496931949
normGK,0.000900962373360388
normTF,0.0008990039025039377
RYG,0.0008943290879576361
normTW,0.0008932631981070008
STG,0.0008930676186485598
TRR,0.0008926888579333842
normLK,0.0008835561502114321
RIR,0.000881857321247009
normVF,0.0008773533505827154
SLW,0.0008733635682380319
normYK,0.0008719621607045551
normGY,0.0008703844991279526
normSR,0.0008624597688884657
normPD,0.0008616163365745655
normRC,0.0008615161040991249
QNR,0.0008590041229360725
AAR,0.0008583724390141549
normAK,0.0008576752167603633
TCN,0.0008560650806382631
KWK,0.0008553721127655902
normSG,0.0008545042118277417
PWD,0.0008532100027716124
normTY,0.0008482847361503075
normKI,0.0008468203810267863
HFR,0.0008429232485473939
KKN,0.0008359457541784287
normDE,0.0008336031953558605
normHD,0.0008332769259168923
normGE,0.0008314292777607768
WRW,0.0008288305149647479
normEH,0.0008231046861201488
normAE,0.0008188799514599808
normPN,0.0008169631515014388
RKQ,0.0008120810441698288
VAL,0.0008110786241092016
normTH,0.000809459824696597
KKL,0.0008076338284331649
normQL,0.0008057698617648463
RHH,0.0008031275947824619
normDG,0.0008011610006942569
RRC,0.0008000503752237221
LAK,0.0007962269179108778
normVA,0.0007803072850704816
LTT,0.0007776993065741026
normEV,0.0007763744993724722
YGR,0.0007716870597293328
normQD,0.0007706186807244816
RGR,0.0007658442278935469
normNG,0.0007643238122967313
normGQ,0.0007561156940555769
QQH,0.0007483584316801041
PAR,0.0007424600992285888
MKW,0.0007390831512299176
normCP,0.0007362149189700449
IFR,0.0007360088080428091
normRI,0.0007312509127400828
LWM,0.0007306061323250902
normKL,0.0007304918358048314
TWL,0.0007294579564111773
PVM,0.0007272328676328286
normPF,0.0007076816530863763
PSS,0.0007075776241304379
CTK,0.0007031717983015346
IGC,0.0007015762697372072
HLL,0.0007011749830288813
normEF,0.0006976768014831558
normSA,0.0006901110057050386
PSK,0.0006856224015290356
normEM,0.0006846513975208589
normHL,0.0006780359606229928
ARR,0.0006776127643702065
SNH,0.0006753250175353623
ISH,0.0006630483321894544
RCT,0.0006551560890087051
FST,0.0006452748595315809
RRE,0.0006441949537492448
normPI,0.0006379404997631931
normNA,0.0006360793019599341
TSR,0.0006354336700869114
PKH,0.0006284260624866109
normKK,0.0006283737654979756
normEP,0.00062367973638287
RIA,0.0006195241548076223
normDQ,0.0006165622855701414
normKM,0.0006143830968393941
YPR,0.0006105197456201763
normFM,0.0006098568780430414
RGC,0.0005998064858716801
normEG,0.0005995901512233121
LLK,0.0005979268122291875
normIK,0.0005918313522736006
KKP,0.000591235120066129
normDY,0.000582836186762317
normWY,0.0005814255478977872
normKC,0.0005806799419012594
normQF,0.0005778962228005011
normWR,0.0005775235840013975
CRW,0.0005642781743093145
MKI,0.0005531224500179345
normYD,0.0005530491579961081
KIW,0.0005525731302609858
normEK,0.0005505920228085595
normIR,0.0005444648097163915
normFF,0.0005433746158168547
HRL,0.0005391061499060287
KKG,0.0005333354327670902
normCL,0.0005306248009610726
normQA,0.0005231417239661953
normYR,0.000521465689662534
normNR,0.0005198695447360985
normAI,0.0005171193337002532
RPK,0.0005140541247068294
IKI,0.0005139696307573245
DKG,0.0005092738901381794
PPQ,0.0005084989598825883
normCK,0.0005069005035411384
PPR,0.0005067721937950334
PIK,0.0004966953983047193
LRP,0.000496062970259795
KKT,0.000495208536197349
GLK,0.0004936553229076341
KPT,0.0004917588318160486
PVL,0.0004897071642989641
ASR,0.0004883804653629573
DSP,0.0004869808251914429
RRH,0.0004782938625973452
normEI,0.00047804667319655713
KGD,0.0004765081806523802
KTR,0.0004748140960283859
normEQ,0.0004747640174526879
HSK,0.0004695952041273036
normMA,0.00046918491158707014
normGI,0.0004689232676597353
RWY,0.0004655601996342061
LWK,0.0004646857005430316
normAC,0.00045138326394141123
RVR,0.0004479767114580065
MAA,0.0004477850777100811
normWW,0.0004443963701356549
WSL,0.0004428251178852644
normQK,0.00043973285462669154
PWK,0.0004342525062667309
CTW,0.0004302716910066877
normIA,0.00042288675094250103
normVM,0.0004174583652770639
SRP,0.0004136289905010227
TPI,0.0004110624527639442
FRR,0.0004080462929149065
AHS,0.0004055718188508462
ARL,0.0004030911233985314
RRP,0.0004028763019355865
RLE,0.00039635376664144304
normQT,0.0003888902463202622
LAH,0.0003883234439396304
KYH,0.0003858499277037832
RRS,0.0003829725489552458
LRR,0.0003820541451620578
WRC,0.0003791271555335396
KKI,0.00037547129465451855
RLR,0.0003709757548832849
normSY,0.00036827969054841554
normWI,0.000366709071617044
normDK,0.00036459777195082697
CRS,0.0003622393082018882
RCK,0.00035999522653877255
NKP,0.00035814716319044126
ALK,0.0003566567219832806
normMD,0.00035461957533897603
HKK,0.0003470377727791055
HLA,0.0003459068704148796
WKC,0.0003446776088428009
HTD,0.00034350481354533934
RKL,0.0003423285475905762
PRR,0.00033969386978469166
KCF,0.00033460772327757537
RYS,0.0003338303830961503
normDA,0.0003297571475633177
WHV,0.0003278726442383374
RAV,0.0003270766242728788
normET,0.00032505710725110244
normTE,0.00032484086288749763
IFI,0.0003182515200490188
KMD,0.00030603451027502585
SSS,0.000301806878897885
ARA,0.0003012295436699248
normAW,0.000294993137286819
normDC,0.00029451763034661984
ALW,0.00029392201490749625
QIK,0.0002917107057848527
normEC,0.000291441309146737
QAH,0.0002894359810552512
RPR,0.0002875293860630514
normDT,0.0002844907942917324
LRK,0.00028360040552691176
WKM,0.00027704857629187366
PTL,0.00027566591306140244
RRG,0.0002756330390382972
normYF,0.0002672452643822222
RKR,0.00026469330826816667
GGR,0.00026307668405650746
PRP,0.00026267032631573426
HHH,0.00025255065849463955
RIK,0.0002470669890810883
normDM,0.0002446126866975663
FAV,0.00023880275505547117
PWH,0.00023210988850861505
normDI,0.0002317260713253833
RFS,0.00022614850964793368
RNK,0.00022148078379868158
normDD,0.0002196837494794714
KAA,0.00021575465547784314
RAA,0.0002089532301930054
VPT,0.00020787724293161523
RSK,0.00020576113258110194
KAK,0.00020513340990197096
AAW,0.000202630889897228
HAH,0.00019420790012116628
IRR,0.00019182088022145813
FRF,0.00018895031047979857
KKA,0.00018634994130688805
normMC,0.0001815980598387009
normQI,0.00017925252808047512
FFN,0.00017563829215636086
NKR,0.0001691943411116015
SPF,0.00016733700044058248
KRL,0.0001648920331766552
SRA,0.00016288714419322763
WRA,0.0001608514431888941
IPN,0.00015196440832058002
MLK,0.00014903988607212353
FKK,0.00014872862323677666
SWR,0.0001372816268012353
RAR,0.00013523743065858008
GSP,0.00013343847964141048
HRH,0.00012886588964843663
GAY,0.00012823172773702076
PAL,0.0001253978053833705
normNW,0.00011813773644243104
normPY,0.00011317984272377997
GRQ,9.31729539849102e-05
QAR,9.181481746673329e-05
RFK,9.117577322805367e-05
SAW,8.558844536258625e-05
LLH,8.265462589318643e-05
normYC,8.264622939997143e-05
normMY,7.68671800773716e-05
LKP,7.252862237140346e-05
HLR,7.044872808556044e-05
LRH,6.556982264148779e-05
LKR,6.228994358132206e-05
FRK,6.223671934333504e-05
WEA,6.080313325950879e-05
CAR,5.8977871765066874e-05
PML,5.374375728969246e-05
AKS,4.957454859852977e-05
FRV,4.956770923337529e-05
FFR,4.117667548822119e-05
WFW,4.027888416356139e-05
RVT,2.596333021825128e-05
RRW,2.575827626775754e-05
HHR,8.392828886593116e-06
WRR,3.072982743329357e-06
HRR,2.6018078125499783e-06
HVL,0.0
